movie,Na Boca Da Noite,2016,68,Drama
movie,The Other Side Of The Wind,2018,122,"Comedy,Drama"
movie,Chief Zabu,2016,74,Comedy
movie,The Wandering Soap Opera,2017,80,"Comedy,Drama,Fantasy"
movie,Bigfoot,2017,\N,"Horror,Thriller"
movie,Joe Finds Grace,2017,83,"Adventure,Animation,Comedy"
movie,T.G.M. - Osvoboditel,2018,60,Documentary
movie,Bande De Cons!,2018,82,Drama
movie,Summer Of The Moonlight Sonata,2015,\N,\N
movie,Os Monstros De Babaloo,2016,100,Comedy
movie,In Memoriam Alfons Vranckx,2018,90,"Action,Adventure,Comedy"
movie,To Chase A Million,2018,97,"Action,Drama"
movie,Short Time Heroes,2015,45,Sci-Fi
movie,Neeyum Naanum,2018,136,\N
movie,Snowblind,2015,\N,"Crime,Drama"
movie,Wazir,2016,103,"Action,Crime,Drama"
movie,Bunyan And Babe,2017,84,"Adventure,Animation,Comedy"
movie,ChatâˆŠâ¥ - The King Of Brazil,2015,102,Biography
movie,The Evil Within,2017,98,Horror
movie,TranseâˆŠâˆ«Ntes,2015,101,"Comedy,Drama"
movie,Fahrenheit 451,2018,100,"Drama,Sci-Fi,Thriller"
movie,Aman Ke Farishtey,2016,137,Action
movie,Nappily Ever After,2018,\N,"Comedy,Drama,Romance"
movie,Boy With A Movie Camera,2017,\N,Documentary
movie,The Promise Of Perfume,2017,57,Documentary
movie,Jurassic World,2015,124,"Action,Adventure,Sci-Fi"
movie,American Pastoral,2016,108,"Crime,Drama"
movie,Motherless Brooklyn,2019,\N,"Crime,Drama"
movie,The Stanford Prison Experiment,2015,122,"Biography,Drama,History"
movie,Masters Of The Universe,2019,\N,"Action,Adventure,Drama"
movie,The Queen Of Sheba Meets The Atom Man,2018,110,Comedy
movie,Alita: Battle Angel,2018,\N,"Action,Adventure,Romance"
movie,Untitled The Flash Film,2020,\N,"Action,Adventure,Fantasy"
movie,Danger Close,2019,\N,"Action,Drama,War"
movie,The History Of Love,2016,134,"Drama,Romance,War"
movie,Surviving In L.A.,2018,\N,"Comedy,Drama,Romance"
movie,Shazam!,2019,\N,"Action,Fantasy,Sci-Fi"
movie,Clawed,2017,95,Horror
movie,Wonder Woman,2017,141,"Action,Adventure,Fantasy"
movie,The Only Living Boy In New York,2017,89,Drama
movie,High-Rise,2015,119,Drama
movie,"Hot Country, Cold Winter",2016,104,Drama
movie,Escape From Heaven,2018,\N,"Comedy,Fantasy"
movie,"Hail, Caesar!",2016,106,"Comedy,Mystery"
movie,Ant-Man,2015,117,"Action,Adventure,Comedy"
movie,Silence,2016,161,"Adventure,Drama,History"
movie,Suburbicon,2017,105,"Crime,Drama,Mystery"
movie,Tulip Fever,2017,105,"Drama,History,Romance"
movie,Nina,2016,90,"Biography,Drama,Music"
movie,Chips,2017,100,"Action,Comedy,Crime"
movie,Rings,2017,102,"Drama,Horror,Romance"
movie,Have You Seen Me?,2016,\N,Comedy
movie,Cell,2016,98,"Action,Drama,Horror"
movie,The Last Full Measure,2018,\N,"Drama,War"
movie,The Man Who Knew Infinity,2015,108,"Biography,Drama"
movie,Miles Ahead,2015,100,"Biography,Drama,Music"
movie,Warcraft,2016,123,"Action,Adventure,Fantasy"
movie,The Danish Girl,2015,119,"Biography,Drama,History"
movie,Art Officially Favored,2019,90,"Biography,Documentary,Fantasy"
movie,Manhattan Minutiae,2016,99,"Comedy,Music,Romance"
movie,Maximum Ride,2016,88,"Action,Adventure,Comedy"
movie,Caravaggio And My Mother The Pope,2018,90,"Comedy,Drama"
movie,Krystal,2017,90,"Comedy,Drama"
movie,Pee-Wee'S Big Holiday,2016,90,"Adventure,Comedy,Family"
movie,Pet Sematary,2019,\N,Horror
movie,Retreat!,2016,\N,"Comedy,Drama,War"
movie,Ivan Mosjoukine Ou L'Enfant Du Carnaval,2016,67,Documentary
movie,The Sighting,2016,98,"Horror,Sci-Fi,Thriller"
movie,Duel Of Legends,2018,\N,"Action,Drama,Sport"
movie,Jackson Arms,2015,90,Romance
movie,Super Troopers 2,2018,99,"Comedy,Crime,Mystery"
movie,Dukun,2018,108,"Horror,Thriller"
movie,Jungle Cruise,2019,\N,Adventure
movie,The Dot Man,2017,\N,"Drama,Thriller"
movie,ChâˆŠâªshingura,2016,76,\N
movie,The Wedding Ringer,2015,101,Comedy
movie,Rxcannabis: A Freedom Tale,2018,83,Documentary
movie,The Unlikely'S,2016,\N,Comedy
movie,Gangster Kittens,2016,\N,"Drama,Thriller"
movie,The Legend Of Tarzan,2016,110,"Action,Adventure,Drama"
movie,I Am Not A Bird,2018,\N,"Drama,Thriller"
movie,Road To Red,2016,120,"Action,Adventure,Thriller"
movie,The Man In The Silo,2016,55,Drama
movie,Jun-09,2018,95,"Horror,Mystery,Thriller"
movie,Joe Dick,2017,96,Comedy
movie,Back Roads,2018,101,"Drama,Thriller"
movie,Justice League,2017,120,"Action,Adventure,Fantasy"
movie,Chooriyan,2015,\N,"Drama,Musical,Romance"
movie,PelâˆŠâ©: Birth Of A Legend,2016,107,"Biography,Drama,Sport"
movie,The Young Messiah,2016,111,"Drama,Fantasy"
movie,Return Of The Atom,2015,110,Documentary
movie,Child 44,2015,137,"Crime,Drama,Thriller"
movie,Felony Murder,2019,\N,"Documentary,Drama"
movie,Heart Like A Hand Grenade,2015,96,Documentary
movie,Our Brand Is Crisis,2015,107,"Comedy,Drama"
movie,The Method,2017,\N,"Drama,Mystery,Romance"
movie,Deer Season,2015,92,Thriller
movie,Gunned Down,2017,95,"Action,Thriller"
movie,Palominas,2018,\N,"Action,Drama,Western"
movie,Gemini Man,2019,\N,"Action,Drama,Sci-Fi"
movie,Poltergeist,2015,93,"Horror,Thriller"
movie,Cold Skin,2017,108,"Adventure,Horror,Sci-Fi"
movie,Suspiria,2018,152,"Fantasy,Horror,Mystery"
movie,"Havana, Habana",2017,65,Drama
movie,Goosebumps,2015,103,"Adventure,Comedy,Family"
movie,The Rogue,2019,\N,"Action,Drama,Thriller"
movie,Costa Rica 3D,2019,82,"Adventure,Documentary"
movie,Winchester,2018,99,"Biography,Fantasy,Horror"
movie,Hauntsville,2016,\N,"Horror,Thriller"
